{"zeta_zeros": [14.134725, 21.02204, 25.010858, 30.424876, 32.935062], "phi_evolution": [2.7350683295472e-08, 1.2684852673590403e-07, 1.89123455975424e-07, 2.2846905930935203e-07, 2.53048406785088e-07, 2.6844628782436e-07, 2.7784080532544e-07, 2.84626097105676e-07, 2.90935550057516e-07, 2.9456029316956e-07, 3.0033770837160405e-07, 3.0729643229690006e-07, 3.13487688688448e-07, 3.19172817656272e-07, 3.2548038865692e-07, 3.31553153328892e-07, 3.35782030404132e-07, 3.40102418559876e-07, 3.476023015337041e-07, 3.5506415752540395e-07, 3.6529763704534403e-07, 3.75600308063192e-07, 3.8750137575593594e-07, 4.01733576210104e-07, 4.17049651634772e-07, 4.3548770477091997e-07, 4.5661245397614e-07, 4.81491276182056e-07, 5.086794182949439e-07, 5.36029105525748e-07, 5.62672989719972e-07, 5.949037657626839e-07, 6.273556185069041e-07, 6.620689837042559e-07, 7.01271643724752e-07, 7.391527237234999e-07, 7.80089235159384e-07, 8.171320027173679e-07, 8.58792345739928e-07, 9.07129566201268e-07, 9.541459666512002e-07, 1.00019813422452e-06, 1.046765358760564e-06, 1.100196774416916e-06, 1.160359892765932e-06, 1.222318221040476e-06, 1.2862975144569999e-06, 1.349688093403436e-06, 1.4227947545665202e-06, 1.4964033472669318e-06, 1.5700335712522838e-06, 1.642680013365328e-06, 1.7175121912427477e-06, 1.7936059243932602e-06, 1.8708108579803522e-06, 1.949582008093448e-06, 2.028644433955664e-06, 2.114626766860936e-06, 2.206597467899292e-06, 2.3010642875818918e-06, 2.39701663799398e-06, 2.498433681442576e-06, 2.5994435432410835e-06, 2.7037798876204e-06, 2.816332814068876e-06, 2.9352445483555523e-06, 3.061367143815268e-06, 3.180596356942228e-06, 3.294239937593448e-06, 3.4118809043140803e-06, 3.527416083982404e-06, 3.6520594719822005e-06, 3.780303301240972e-06, 3.917057204161171e-06, 4.064328860680584e-06, 4.2154534598137365e-06, 4.3723000122431595e-06, 4.532297921346016e-06, 4.692028884104348e-06, 4.860695582134695e-06, 5.040217039074648e-06, 5.223213072146364e-06, 5.411459433180535e-06, 5.59556888350656e-06, 5.790112375098783e-06, 5.987202722702964e-06, 6.198016904689984e-06, 6.416145914736849e-06, 6.6430584864109e-06, 6.891942981500336e-06, 7.152792835112421e-06, 7.433742952627545e-06, 7.73171119169152e-06, 8.055102576727799e-06, 8.385126290452876e-06, 8.71238766683312e-06, 9.050978340869733e-06, 9.417280864635985e-06, 9.803133695062573e-06, 1.0237904075944049e-05, 1.069362069891226e-05, 1.1188585800489936e-05, 1.1708560253571218e-05, 1.225987854309171e-05, 1.2836239088723732e-05, 1.3439659659052244e-05, 1.4082503606464773e-05, 1.4790038188933417e-05, 1.552415530316643e-05, 1.6342368708244587e-05, 1.7245860954409028e-05, 1.824179607287666e-05, 1.9401244524684642e-05, 2.0748264629061318e-05, 2.2382947816003048e-05, 2.4441117421048435e-05, 2.7238446399133206e-05, 3.139587124765328e-05, 3.833163210017458e-05, 5.1336923528862947e-05, 7.782557744211215e-05, 0.00013319695223957626, 0.000251558832607087, 0.0005046700008888031, 0.0010070320241256179, 0.0019021936825000928, 0.0033760087513129526, 0.0056865165622777825, 0.009145661195329136, 0.013887807594070621, 0.020267794644837134, 0.028452888344176135, 0.038651149333836246, 0.05162824830817477, 0.06768998293270807, 0.08685455321996811, 0.10964168486633037, 0.13620975210179256, 0.16678415904778282, 0.20286929358522443, 0.24516566641192344, 0.29343467696583564, 0.3472549639017599, 0.4080001547143119, 0.4763767382271206, 0.5532360768490054, 0.6389784618523207, 0.732713437988153, 0.834778611689573, 0.9451414501431628, 1.0646150698047516, 1.1953938565679947, 1.3365858086743483, 1.4883801791715183, 1.6534138374444, 1.830411057366699, 2.0198271951744653, 2.222201716135256, 2.434675128012472, 2.659833014138901, 2.8973136860736206, 3.1470789979754348, 3.4093131540661092, 3.6848979971853217, 3.971945476187061, 4.270618361171023, 4.581780385621092, 4.909024435182923, 5.248469029369872, 5.60052763749886, 5.965081359113964, 6.344399492453711, 6.739473831983215, 7.148506617203721, 7.5695157731105125, 8.006278486839118, 8.455698133951543, 8.915610526300599, 9.387734570026693, 9.86975403660383, 10.366575494894985, 10.874356428892789, 11.392926236080466, 11.92236855552487, 12.460802241641131, 13.011820529395258, 13.571411970061973, 14.13822839052961, 14.711117283516597, 15.293836111035313, 15.881499360066794, 16.472807421848927, 17.070999961326045, 17.67136408885294, 18.277199328507255, 18.885609260299077, 19.49972769826551, 20.115318092056004, 20.73259537225296, 21.352052159649773, 21.97328786234995, 22.59734905283413, 23.227912686107068, 23.857182819739005, 24.483532968721757, 25.109271669028384, 25.733712709934693, 26.35661060502499, 26.97650501558347, 27.597415883778176, 28.216122228171635, 28.830470779293144, 29.441822174163153, 30.053919842301372, 30.665823842983748, 31.27690983826968, 31.88390969070135, 32.483571500447255, 33.07810588855038, 33.66956918778199, 34.25935176968372, 34.844499685314695, 35.42228056850063, 35.996322526246615, 36.566483638918335, 37.12824096611291, 37.68436630277042, 38.23606332308138, 38.77807842044611, 39.30550121774552, 39.817948381557635, 40.0, 40.0, 40.0, 40.0, 40.0, 40.0, 40.0, 40.0, 40.0, 40.0, 40.0, 40.0, 40.0, 40.0, 40.0, 40.0, 40.0, 40.0, 40.0, 40.0, 40.0, 40.0, 40.0, 40.0, 40.0, 40.0, 40.0, 40.0, 40.0, 40.0, 40.0, 40.0, 40.0, 40.0, 40.0, 40.0, 40.0, 40.0, 40.0, 40.0, 40.0, 40.0, 40.0, 40.0, 40.0, 40.0, 40.0, 40.0, 40.0, 40.0, 40.0, 40.0, 40.0, 40.0, 40.0, 40.0, 40.0, 40.0, 40.0, 40.0, 40.0, 40.0, 40.0, 40.0, 40.0, 40.0, 40.0, 40.0, 40.0, 40.0, 40.0, 40.0, 40.0, 40.0, 40.0, 40.0, 40.0, 40.0, 40.0, 40.0, 40.0, 40.0, 40.0, 40.0, 40.0, 40.0, 40.0, 40.0, 40.0, 40.0, 40.0, 40.0, 40.0, 40.0, 40.0, 40.0, 40.0, 40.0, 40.0, 40.0, 40.0, 40.0, 40.0, 40.0, 40.0, 40.0, 40.0, 40.0, 40.0, 40.0, 40.0, 40.0, 40.0, 40.0, 40.0, 40.0, 40.0, 40.0, 40.0, 40.0, 40.0, 40.0, 40.0, 40.0, 40.0, 40.0, 40.0, 40.0, 40.0, 40.0, 40.0, 40.0, 40.0, 40.0, 40.0, 40.0, 40.0, 40.0, 40.0, 40.0, 40.0, 40.0, 40.0, 40.0, 40.0, 40.0, 40.0, 40.0, 40.0, 40.0, 40.0, 40.0, 40.0, 40.0, 40.0, 40.0, 40.0, 40.0, 40.0, 40.0, 40.0, 40.0, 40.0, 40.0, 40.0, 40.0, 40.0, 40.0, 40.0]}