{
  "grad_phi_y": 0.0,
  "grad_phi_x": 0.1,
  "drift_y": -0.047058742221416594,
  "drift_x": 0.31239659069936465,
  "dot_product": 0.031239659069936466
}