{
  "sweep": {
    "1e-05": {
      "exploded": false,
      "frozen": false,
      "max_psi": 33.58676021620804,
      "mean_energy": 7312.746967607634,
      "novelty": 0.08009378496154071
    },
    "0.0001": {
      "exploded": false,
      "frozen": false,
      "max_psi": 911.3055102261579,
      "mean_energy": 2486456.4172505173,
      "novelty": 0.3921575406404879
    },
    "0.0005": {
      "exploded": false,
      "frozen": false,
      "max_psi": 1490.7908917563661,
      "mean_energy": 18967095.457685582,
      "novelty": 0.21202659742242766
    },
    "0.001": {
      "exploded": false,
      "frozen": false,
      "max_psi": 1747.1288315289976,
      "mean_energy": 33840695.78537306,
      "novelty": 0.1948411512974054
    },
    "0.005": {
      "exploded": false,
      "frozen": false,
      "max_psi": 2103.2828341163595,
      "mean_energy": 107193989.82278438,
      "novelty": 0.18241448730976517
    },
    "0.01": {
      "exploded": false,
      "frozen": false,
      "max_psi": 2027.4836158040905,
      "mean_energy": 166041620.9147931,
      "novelty": 0.17170001362662118
    },
    "0.05": {
      "exploded": false,
      "frozen": false,
      "max_psi": 1152.4858451708242,
      "mean_energy": 181282926.9098576,
      "novelty": 0.09264360172789336
    }
  },
  "ablation": {
    "baseline": {
      "exploded": false,
      "frozen": false,
      "max_psi": 1753.87129147718,
      "mean_energy": 134979457.17668828,
      "novelty": 0.07176496971481719
    },
    "physics_only": {
      "exploded": false,
      "frozen": false,
      "max_psi": 2243.0368352533774,
      "mean_energy": 95577279.64532088,
      "novelty": 0.13736435838672698
    },
    "physics_mu": {
      "exploded": false,
      "frozen": false,
      "max_psi": 2777.581656788277,
      "mean_energy": 510045326.8746126,
      "novelty": 0.1334864773376965
    }
  },
  "best_strength": 0.001
}