{
  "summary": {
    "A": {
      "explosions_count": 0,
      "freezes_count": 0,
      "peak_grad_phi": 407.9430111939684,
      "peak_grad_psi": 283.1144621107272,
      "final_mean_energy": 160034648.30745575,
      "final_mean_novelty": 0.09468214505490771
    },
    "B": {
      "explosions_count": 0,
      "freezes_count": 0,
      "peak_grad_phi": 23607.99703087233,
      "peak_grad_psi": 419.0124595758647,
      "final_mean_energy": 128900245.01391935,
      "final_mean_novelty": 0.1847190449951741
    },
    "C": {
      "explosions_count": 0,
      "freezes_count": 0,
      "peak_grad_phi": 23210.276599785106,
      "peak_grad_psi": 413.25478257706817,
      "final_mean_energy": 128927513.78899114,
      "final_mean_novelty": 0.1846853855928088
    }
  },
  "normalization": {
    "base": 0.19806567037577133,
    "dt_half": 0.22792018506516704,
    "space_double": 0.19869757000708588
  }
}