metric,value,ci_lo,ci_hi,unit
f0,1.856777545095882e+20,1.057009987715106e+20,2.749147843055571e+20,Hz
SBR,3245.4600764773872,7.438160091217872,9265.497996838745,
