metric,value,ci_lo,ci_hi,unit
f0,3.9062500000000005e+18,3.9062500000000005e+18,3.9062500000000005e+18,Hz
SBR,6.512550208649997,6.505908027999821,6.519192389300173,
