metric,value,ci_lo,ci_hi,unit
f0,3.9062500000000005e+18,3.9062500000000005e+18,3.9062500000000005e+18,Hz
SBR,6.87680960847536,6.862186616076502,6.894076676706967,
