metric,value,ci_lo,ci_hi,unit
f0,3.9062500000000005e+18,3.9062500000000005e+18,3.9062500000000005e+18,Hz
SBR,6.396388754937023,6.392072892137915,6.400704617736132,
