metric,value,ci_lo,ci_hi,unit
f0,7.812500000000001e+18,7.812500000000001e+18,7.812500000000001e+18,Hz
SBR,6.876936008275312,6.8591049866068685,6.904168741147774,
