metric,value,ci_lo,ci_hi,unit
f0,3.9062500000000005e+18,3.9062500000000005e+18,3.9062500000000005e+18,Hz
SBR,6.88016180751687,6.8617271090780445,6.904635071235229,
