metric,value,ci_lo,ci_hi,unit
f0,1.9531250000000003e+18,1.9531250000000003e+18,1.9531250000000003e+18,Hz
SBR,6.396388754937023,6.392072892137915,6.400704617736132,
