metric,value,ci_lo,ci_hi,unit
f0,4.482094950950652e+19,3.8526171572496927e+18,1.042548860630844e+20,Hz
SBR,11264.488368014121,1568.4175434490971,28995.496693476733,
