metric,value,ci_lo,ci_hi,unit
f0,3.152667838565667e+18,2.259701885469705e+18,3.976139748239799e+18,Hz
SBR,37158.5484229656,11116.434289116734,69587.93159918195,
