{"fourier_spectrum": [10.0, 9.29068208177489, 7.403061027388022, 4.9810004764271625, 2.9305730685740845, 2.1240000254189555, 2.107550273535809, 1.8837436937321619, 1.4658433497682186, 1.2519320393309654, 1.245585013123156, 1.1557932938845605, 0.9776577907361529, 0.8881509508261659, 0.885578037846775, 0.832400432042944, 0.7338396256475208, 0.6886422316840503, 0.6870669788409245, 0.6498437701966566, 0.5877317351630261, 0.5626308508761434, 0.5610882531865827, 0.532647843861037, 0.4904523157584653, 0.47579503285126495, 0.4739568276989793, 0.4510905807313606, 0.42105727526575926, 0.4122951128157032, 0.4100721220488822, 0.39110048348505044, 0.36907641566318644, 0.3638124190053646, 0.3612111303764406, 0.34515349658853695, 0.3286934179668411, 0.32556095909568483, 0.3226258463818738, 0.3088616477837234, 0.2964188561117314, 0.2945923867058619, 0.291382925415423, 0.2794922793038922, 0.27003207702967263, 0.2689926844895437, 0.2655714057099082, 0.2552546080651074, 0.24805319954860144, 0.2474647412283716], "dejavu_points": [1950, 1951, 1952, 1953, 1954, 1955, 1956, 1957, 1958, 1959, 1960, 1961, 1962, 1963, 1964, 1965, 1966, 1967, 1968, 1969, 1970, 1971, 1972, 1973, 1974, 1975, 1976, 1977, 1978, 1979, 1980, 1981, 1982, 1983, 1984, 1985, 1986, 1987, 1988, 1989, 1990, 1991, 1992, 1993, 1994, 1995, 1996, 1997, 1998, 1999], "norm_dejavu": [0.0, 0.02040816326530612, 0.04081632653061224, 0.061224489795918366, 0.08163265306122448, 0.10204081632653061, 0.12244897959183673, 0.14285714285714285, 0.16326530612244897, 0.1836734693877551, 0.20408163265306123, 0.22448979591836735, 0.24489795918367346, 0.2653061224489796, 0.2857142857142857, 0.30612244897959184, 0.32653061224489793, 0.3469387755102041, 0.3673469387755102, 0.3877551020408163, 0.40816326530612246, 0.42857142857142855, 0.4489795918367347, 0.46938775510204084, 0.4897959183673469, 0.5102040816326531, 0.5306122448979592, 0.5510204081632653, 0.5714285714285714, 0.5918367346938775, 0.6122448979591837, 0.6326530612244898, 0.6530612244897959, 0.673469387755102, 0.6938775510204082, 0.7142857142857143, 0.7346938775510204, 0.7551020408163265, 0.7755102040816326, 0.7959183673469388, 0.8163265306122449, 0.8367346938775511, 0.8571428571428571, 0.8775510204081632, 0.8979591836734694, 0.9183673469387755, 0.9387755102040817, 0.9591836734693877, 0.9795918367346939, 1.0], "norm_riemann": [0.0, 0.05423583397758574, 0.0856467496703928, 0.1282807487541665, 0.1480478178005017, 0.18467415987814623, 0.21091706301231358, 0.22988223125323973, 0.2667208921453575, 0.28064880005654064, 0.3058203286878257, 0.33319235968832556, 0.35603538200672463, 0.36772728820830114, 0.3835336372590304, 0.4014329275675254, 0.41692254658943906, 0.4329555228622485, 0.45620176350926883, 0.48484220295141417, 0.49618183253532666, 0.5134511434224932, 0.5415875993275757, 0.5559590048766313, 0.577142062918801, 0.5880407069077834, 0.617035509774426, 0.6340449541502946, 0.6437466372387529, 0.666961378914707, 0.6865379894324889, 0.7055003700144757, 0.7190528023158044, 0.7326131093598997, 0.7630174911817647, 0.7696716488195465, 0.7889332696266643, 0.8039425293398151, 0.8241333697933925, 0.8444502061312354, 0.8568608007314061, 0.8671767137556597, 0.8928483751747948, 0.909086094759536, 0.920969081594344, 0.9399472116618642, 0.9498615128050208, 0.9763206485008165, 0.9890777317827177, 1.0], "pearson_r": 0.9961299168203144, "euclidean_dist": 0.5136243556801225, "zeta_zeros_ref": [14.134725, 21.02204, 25.010858, 30.424876, 32.935062, 37.586178, 40.918719, 43.327073, 48.005151, 49.773832, 52.970321, 56.446248, 59.347044, 60.831779, 62.839, 65.112, 67.079, 69.115, 72.067, 75.704, 77.144, 79.337, 82.91, 84.735, 87.425, 88.809, 92.491, 94.651, 95.883, 98.831, 101.317, 103.725, 105.446, 107.168, 111.029, 111.874, 114.32, 116.226, 118.79, 121.37, 122.946, 124.256, 127.516, 129.578, 131.087, 133.497, 134.756, 138.116, 139.736, 141.123]}