{"zeta_zeros": [14.134725, 21.02204, 25.010858, 30.424876, 32.935062], "phi_evolution": [1.130006691466433e-05, 5.0978462421838186e-05, 7.166160515214751e-05, 8.203024541720972e-05, 8.723691941733892e-05, 8.913424409998892e-05, 8.903081547580989e-05, 8.76220607442566e-05, 8.557323084935111e-05, 8.319796307681453e-05, 8.086867490387377e-05, 7.845981789622434e-05, 7.577297123859751e-05, 7.318221017166952e-05, 7.06873778371634e-05, 6.826376863339611e-05, 6.594569809805754e-05, 6.380631400663059e-05, 6.179239129380563e-05, 5.98820645287056e-05, 5.819787190214103e-05, 5.672270911541696e-05, 5.5346735821374434e-05, 5.411616659109646e-05, 5.3028206059810966e-05, 5.195719203944262e-05, 5.108117743560222e-05, 5.028008944200968e-05, 4.9540756474114676e-05, 4.910984447616662e-05, 4.880270247525179e-05, 4.8428413836257144e-05, 4.807072900461303e-05, 4.793577031077103e-05, 4.794642696310138e-05, 4.800307574978062e-05, 4.8169500099387905e-05, 4.83095836412892e-05, 4.840053329386448e-05, 4.862175528696932e-05, 4.8919471738893225e-05, 4.919817003874766e-05, 4.952766006417446e-05, 4.989543423589e-05, 5.022321125608993e-05, 5.0669749585138696e-05, 5.1071312578114365e-05, 5.15429496260612e-05, 5.2169472757711926e-05, 5.288167863072758e-05, 5.360981914017484e-05, 5.420504048065472e-05, 5.4805640137851006e-05, 5.5460787339596136e-05, 5.623733968775155e-05, 5.717152365822585e-05, 5.8182259573449845e-05, 5.9251210592470524e-05, 6.040470432536847e-05, 6.145021784512236e-05, 6.256974286550651e-05, 6.36474993239566e-05, 6.46990375489514e-05, 6.576357616465802e-05, 6.678646031883734e-05, 6.777890147819851e-05, 6.890501577519599e-05, 7.013208731040172e-05, 7.142096558745823e-05, 7.269249790841535e-05, 7.396978075966385e-05, 7.514403066216558e-05, 7.611176266584045e-05, 7.725266920148867e-05, 7.874306340400165e-05, 8.020533827074103e-05, 8.16142995286041e-05, 8.308447552459742e-05, 8.443100546304844e-05, 8.579641974486166e-05, 8.721860294187037e-05, 8.867216428553797e-05, 9.011417984682038e-05, 9.162978474472732e-05, 9.328041273733801e-05, 9.508609338174765e-05, 9.691133885047594e-05, 9.87321883163168e-05, 0.00010053537523937358, 0.00010251999501970117, 0.00010453795174466518, 0.00010652394114861103, 0.00010836655050932892, 0.00011038686106770402, 0.00011255594482379973, 0.00011467759803141967, 0.00011675857728909027, 0.00011895844751830695, 0.00012115939685590004, 0.0001233435513758244, 0.00012545678204203017, 0.00012763557627207644, 0.00013012660352522605, 0.0001326695994409564, 0.00013509902293915583, 0.00013744217879114166, 0.00013978409354016422, 0.00014215794002608688, 0.00014467021245609957, 0.00014735176615784587, 0.0001502003217425727, 0.00015308563631360864, 0.00015600379282125086, 0.00015875345972826287, 0.00016144928589857953, 0.00016437031069995052, 0.00016732781139973103, 0.00017008530839383114, 0.00017274610090291476, 0.00017520125627853942, 0.0001777382483786191, 0.0001803782471213583, 0.0001830536390879296, 0.00018595972281035885, 0.00018899031126134503, 0.00019192631039528874, 0.0001948237641870287, 0.00019762832223980777, 0.0002005144170997436, 0.00020322177807403563, 0.0002058154696614189, 0.0002083069354259733, 0.00021074623293074323, 0.00021325277264186673, 0.00021605998421804872, 0.00021902265888415568, 0.00022180982721447805, 0.00022469266245077072, 0.00022772339677291085, 0.00023082533395395307, 0.00023378874120923274, 0.00023667600124218169, 0.00023953956150462745, 0.00024234859330251362, 0.0002452781830990847, 0.0002483934639531064, 0.0002514688309360333, 0.00025461283454741195, 0.00025781541885374373, 0.0002610203612286602, 0.00026423258526622745, 0.0002674337300822345, 0.00027050980814809813, 0.00027359084578359007, 0.0002766645141669875, 0.0002798602204768276, 0.00028327659059530725, 0.00028669303727346196, 0.00029020752794327624, 0.0002937490672864872, 0.0002973092088185657, 0.0003009737371447335, 0.00030479734460935054, 0.00030855894729405473, 0.00031232437967498226, 0.0003161530570591409, 0.0003201366478420186, 0.0003242547671055739, 0.0003283466452907802, 0.00033252149126340394, 0.00033670544438866294, 0.00034096605297649326, 0.0003453707834419039, 0.0003498851261390162, 0.0003543909433411851, 0.0003590458705089609, 0.00036373571472677897, 0.00036853244408662547, 0.0003732744785353335, 0.00037807064016730045, 0.00038302102000769856, 0.00038819097867534016, 0.00039340239756558023, 0.0003986331663327744, 0.0004039211149912987, 0.00040930374761981097, 0.00041475666066550013, 0.0004202999638960653, 0.00042590305780104, 0.00043162578079505116, 0.00043748974370876666, 0.00044340844348179876, 0.0004494028501399889, 0.00045545997896783704, 0.0004615835455427822, 0.0004677928959628192, 0.00047418562219775096, 0.00048072456503073436, 0.00048741733586199314, 0.0004941789099787118, 0.0005009725478366314, 0.0005079183158093173, 0.000514960508293868, 0.0005222235646407075, 0.0005296048640726401, 0.0005369985051884474, 0.0005445407456702012, 0.0005522657997148694, 0.0005600820518287422, 0.000567983308036919, 0.0005760686276670084, 0.0005842628651987652, 0.0005926060156456912, 0.0006010652441314452, 0.0006097518927231107, 0.000618588711505441, 0.0006275571940620519, 0.0006367293762384655, 0.0006460143729278187, 0.0006553039172066626, 0.0006648227746834854, 0.0006745799690583568, 0.0006844585099010558, 0.0006945292960924917, 0.0007048695941298771, 0.0007153710769000116, 0.0007260135072203605, 0.0007367761406616596, 0.0007477863006502864, 0.0007591036382641159, 0.0007705073218126718, 0.0007820852164656216, 0.0007938777559641173, 0.0008058673232464716, 0.0008181743830028911, 0.0008309060409641998, 0.0008437021573600477, 0.0008566722868648661, 0.0008698093323820236, 0.0008834097062570288, 0.0008973217144427802, 0.0009116392561329045, 0.0009262699358586756, 0.0009412629968040432, 0.0009565485607726792, 0.0009720313218118117, 0.0009876483667457367, 0.001003505641224743, 0.0010194642344462507, 0.0010354613723748982, 0.0010516744395914824, 0.001068197597254032, 0.0010853375837967284, 0.0011031226439207952, 0.0011211541013024613, 0.0011392195761748543, 0.0011573854818216864, 0.0011758565037240762, 0.00119436472533573, 0.00121288794303145, 0.001231934930526362, 0.001251492852345358, 0.0012714486846106426, 0.0012920387547190955, 0.0013131257903425647, 0.0013348713705608668, 0.0013572480578232502, 0.0013801603717895194, 0.0014035860768007715, 0.0014271318581243005, 0.001451334582723644, 0.0014762609052734205, 0.0015019549222212568, 0.0015282115946446146, 0.0015548141489269804, 0.0015823170672602314, 0.0016102526623733592, 0.001638777215724102, 0.0016684269076729544, 0.0016992287477478657, 0.001731055666297726, 0.0017638140937167655, 0.0017974889589733242, 0.0018325149197701192, 0.0018688958203826663, 0.001907362537772637, 0.001947083980198375, 0.001987905767988257, 0.00202993153587739, 0.0020732731389741755, 0.0021184468884389374, 0.0021663058333550125, 0.002216732038902499, 0.002271450060032003, 0.0023481986075970956, 0.002622167203477109, 0.005376307683892938, 0.027526879100715405, 0.30088063809367754, 0.7246569107493168, 1.1441327284522698, 1.5636637062240089, 1.9832388271285986, 2.402770457966489, 2.822180083324845, 3.241397377634561, 3.6603593724940704, 4.079009709580511, 4.4972979701712035, 4.915179073264204, 5.3326127351468156, 5.749562984025706, 6.165997724012689, 6.581888343365757, 6.997209362424551, 7.411938117159873, 7.826054474685642, 8.239540577463789, 8.652380613273875, 9.064560608323802, 9.476068241150099, 9.886892675199523, 10.297024408201072, 10.70645513663206, 11.115177633755964, 11.523185639865455, 11.930473763503652, 12.337037392561541, 12.742872614261543, 13.14797614313763, 13.552345256212421, 13.955977734652427, 14.358871811255192, 14.761026123186966, 15.162439669448172, 15.563111772596121, 15.963042044301785, 16.36223035435964, 16.760676802807644, 17.158381694848693, 17.555345518295542, 17.951568923288953, 18.347052704063593, 18.7417977825587, 19.135805193690565, 19.52907607212211, 19.921611640380988, 20.313413198192617, 20.704482112907417, 