metric,value,ci_lo,ci_hi,unit
f0,1.7103794642857145e+20,9.821428571428577e+19,2.474958147321429e+20,Hz
SBR,193.96540862232067,5.860570460682028,500.0818536710099,
