{
  "run_tag": "spec6_false_s41",
  "step": 1975,
  "updated_utc": "2026-02-22T14:31:07.339124Z",
  "data": {
    "window": 1,
    "latest": {
      "center_amp": 1000000.0000000001,
      "phi_center_abs": 1589.8744932709012,
      "vortices_total": 16,
      "net_charge": 0,
      "particles_count": 3709
    },
    "tail": {
      "amplitude_log": [
        [
          1975,
          1000000.0000000001
        ]
      ],
      "phi_center_log": [
        [
          1975,
          1589.8744932709012
        ]
      ],
      "topo_log": [
        [
          1975,
          8,
          8,
          0,
          16
        ]
      ],
      "particle_log": [
        [
          1975,
          63.50310056619035,
          63.27231059584794,
          3709
        ]
      ],
      "interaction_log": [
        [
          1975,
          0,
          0,
          0
        ]
      ]
    }
  }
}