metric,value,ci_lo,ci_hi,unit
f0,3.6796152976497996e+19,3.085785224679439e+18,8.703231718410697e+19,Hz
SBR,4072.181608445348,495.81790460223976,8892.081392656914,
