{"fibonacci_ratios": [0.6666666666666666, 1.0, 1.5, 1.3333333333333333, 1.0, 1.0, 1.0, 0.5, 1.0, 2.0, 0.5, 1.0, 1.5], "golden_spiral_scores": [-0.5053209333943647, 0.6561086358609733, -2.638242384088046], "prime_resonance_confirmed": true}