{"zeta_zeros": [14.134725, 21.02204, 25.010858, 30.424876, 32.935062], "phi_evolution": [3.0720970896809354e-06, 8.32811428649597e-06, 8.996012268553528e-06, 8.909807356769328e-06, 8.78100648510175e-06, 8.566614306483692e-06, 8.524567131553125e-06, 8.660741816798212e-06, 8.900489320532265e-06, 9.389579499644605e-06, 1.0000944799257668e-05, 1.0848521387215139e-05, 1.2089233996440655e-05, 1.3605307231153276e-05, 1.541756979466268e-05, 1.7607126936657667e-05, 2.0148829800717435e-05, 2.3134204536163508e-05, 2.6420269623716645e-05, 3.0184700143900377e-05, 3.414230490230869e-05, 3.864022254561427e-05, 4.341564648649801e-05, 4.8689002327324423e-05, 5.454195286678746e-05, 6.088011874375679e-05, 6.76202033172802e-05, 7.473282008993725e-05, 8.230284848440783e-05, 9.031168164462617e-05, 9.912742326456003e-05, 0.00010818494578435005, 0.00011744827714484729, 0.00012694979856882875, 0.00013665499613165473, 0.00014669527589807095, 0.0001570652119419687, 0.0001673218519199207, 0.00017802892710122684, 0.0001889343919246404, 0.0002001924231712162, 0.0002117202835088759, 0.00022347309160703112, 0.00023545921172360342, 0.000247815620162156, 0.0002605973626551233, 0.0002737216771795826, 0.0002872842144079363, 0.00030133493665365215, 0.00031586245181508885, 0.00033088290459718357, 0.00034662513771165266, 0.0003628827688043429, 0.0003802415663774761, 0.00039876285834655344, 0.0004188508864112598, 0.0004404399702285448, 0.0004638256536624592, 0.0004893828992206556, 0.0005176483074464926, 0.0005490115715031335, 0.0005843503148051386, 0.0006248623440154831, 0.0006716234509069393, 0.0007269580328702048, 0.0007947450883385934, 0.0008875780725348358, 0.001931321941076907, 0.08563352402143173, 0.24927045646459683, 0.41230725937520857, 0.5747729658196653, 0.7366934667368505, 0.8980919088925625, 1.0589890339171821, 1.2194034692092681, 1.3793519789966875, 1.5388496820444724, 1.6979102411698914, 1.8565460287323774, 2.014768271512731, 2.1725871778151014, 2.330012049169553, 2.4870513786494595, 2.6437129375232358, 2.8000038517174275, 2.955930669366111, 3.1114994205512976, 3.266715670194276, 3.4215845649338967, 3.5761108747210506, 3.7302990297662806, 3.8841531533973828, 4.037677091314221, 4.190874437667299, 4.343748558333785, 4.4963026117184555, 4.6485395673668055, 4.800462222642285, 4.952073217688929, 5.103375048873727, 5.254370080879582, 5.405060557599172, 5.555448611962042, 5.705536274811562, 5.855325482934543, 6.004818086334367, 6.154015854827799, 6.302920484036493, 6.451533600836003, 6.599856768318024, 6.747891490315291, 6.895639215533061, 7.04310134132626, 7.190279217157066, 7.337174147763967, 7.483787396069977, 7.630120185854752, 7.776173704212747, 7.921949103817254, 8.06744750500811, 8.212669997719026, 8.35761764325891, 8.502291475960106, 8.646692504705168, 8.790821714342696, 8.934680067001665, 9.078268503312904, 9.221587943545366, 9.364639288664304, 9.507423421317661, 9.64994120675653, 9.792193493694818, 9.93418111511303, 10.075904889010411, 10.217365619109515, 10.358564095516682, 10.499501095341888, 10.640177383280847, 10.780593712162228, 10.920750823462447, 11.060649447790388, 11.20029030534419, 11.339674106342008, 11.478801551428601, 11.617673332059343, 11.756290130863224, 11.894652621986204, 12.032761471416244, 12.170617337291198, 12.308220870190635, 12.445572713412666, 12.582673503236688, 12.7195238691729, 12.856124434199454, 12.992475814987937, 13.12857862211791, 13.264433460281166, 13.400040928476265, 13.535401620193943, 13.670516123593938, 13.805385021673658, 13.940008892429159, 14.074388309008938, 14.208523839860838, 14.342416048872481, 14.476065495505566, 14.609472734924367, 14.742638318118725, 14.875562792021846, 15.008246699623108, 15.140690580076217, 15.272894968802861, 15.404860397592179, 15.536587394696138, 15.668076484921134, 15.79932818971592, 15.930343027256077, 16.061121512525155, 16.191664157392715, 16.321971470689302, 16.452043958278622, 16.58188212312693, 16.711486465369855, 16.840857482376713, 16.969995668812444, 17.098901516697282, 17.227575515464256, 17.356018152014624, 17.48422991077129, 17.612211273730324, 17.739962720510725, 17.867484728402353, 17.99477777241226, 18.121842325309377, 18.248678857667713, 18.375287837908033, 18.5016697323382, 18.62782500519207, 18.753754118667192, 18.8794575329612, 19.004935706307034, 19.13018909500698, 19.255218153465687, 19.38002333422206, 19.504605087980135, 19.628963863639044, 19.753100108321924, 19.87701426740408, 20.00070678454014, 20.124178101690433, 20.247428659146557, 20.370458895556247, 20.493269247947307, 20.615860151751043, 20.738232040824872, 20.86038534747431, 20.98232050247431, 21.10403793509001, 21.225538073096818, 21.346821342800023, 21.467888169053765, 21.5887389752795, 21.709374183483998, 21.82979421427678, 21.949999486887112, 22.06999041918052, 22.189767427674873, 22.309330927556033, 22.4286813326931, 22.54781905565324, 22.666744507716107, 22.78545809888797, 22.90396023791535, 23.022251332298485, 23.14033178830428, 23.258202010979012, 23.37586240416075, 23.493313370491418, 23.610555311428566, 23.72758862725695, 23.844413717099627, 23.96103097892904, 24.077440809577645, 24.193643604748416, 24.309639759025018, 24.425429665881772, 24.54101371769347, 24.656392305744845, 24.77156582023992, 24.886534650311116, 25.001299184028177, 25.115859808406846, 25.23021690941746, 25.344370871993284, 25.458322080038656, 25.572070916437024, 25.685617763058765, 25.79896300076889, 25.912107009434536, 26.025050167932392, 26.13779285415584, 26.25033544502213, 26.362678316479272, 26.474821843512828, 26.586766400152662, 26.698512359479437, 26.810060093631076, 26.92140997380905, 27.03256237028457, 27.143517652404718, 27.25427618859838, 27.364838346382093, 27.475204492365886, 27.58537499225885, 27.695350210874746, 27.805130512137502, 27.91471625908653, 28.024107813882043, 28.133305537810273, 28.24230979128852, 28.35112093387025, 28.45973932425001, 28.568165320268292, 28.676399278916335, 28.78444155634083, 28.89229250784858, 28.99995248791106, 29.107421850168933, 29.21470094743644, 29.321790131705853, 29.42868975415169, 29.53540016513501, 29.641921714207587, 29.748254750116004, 29.854399620805765, 29.960356673425224, 30.06612625432963, 30.171708709084946, 30.2771043824717, 30.382313618488833, 30.487336760357376, 30.59217415052416, 30.696826130665468, 30.801293041690613, 30.905575223745526, 31.009673016216205, 31.113586757732197, 31.217316786170034, 31.32086343865659, 31.42422705157241, 31.527407960555, 31.6304065005021, 31.733223005574885, 31.835857809201137, 31.9383112440784, 32.04058364217707, 32.14267533474346, 32.24458665230286, 32.346317924662465, 32.44786948091446, 32.54924164943885, 32.65043475790637, 32.751449133281426, 32.852285101824855, 32.95294298909675, 33.0534231199593, 33.15372581857944, 33.25385140843168, 33.353800212300676, 33.453572552284015, 33.55316874979477, 33.65258912556416, 33.751833999644084, 33.850903691409776, 33.94979851956221, 34.048518802130715, 34.14706485647546, 34.24543699928983, 34.34363554660295, 34.44166081378206, 34.53951311553497, 34.637192765912324, 34.73470007831006, 34.83203536547167, 34.92919893949055, 35.02619111181223, 35.123012193236754, 35.21966249392079, 35.316142323379964, 35.41245199049101, 35.508591803494, 35.604562069994486, 35.700363096965674, 35.79599519075054, 35.891458657063936, 35.986753800994755, 36.08188092700794, 36.176840338946576, 36.27163234003397, 36.366257232875626, 36.46071531946131, 36.555006901167026, 36.64913227875701, 36.74309175238567, 36.83688562159959, 36.93051418533948, 37.023977741942005, 37.11727658914177, 37.21041102407321, 37.30338134327249, 37.3961878426793, 37.48883081763876, 37.58131056290328, 37.673627372634336, 37.765781540404305, 37.857773359198305, 37.949603121415876, 38.04127111887287, 38.13277764280319, 38.22412298386045, 38.315307432119845, 38.40633127707976, 38.49719480766356, 38.587898312221284, 38.67844207853129, 38.768826393802, 38.85905154467349, 38.94911781721924, 39.03902549694769, 39.128774868803916, 39.21836621717133, 