{"zeta_zeros": [14.134725, 21.02204, 25.010858, 30.424876, 32.935062], "phi_evolution": [3.0720970896809354e-06, 8.996012268553528e-06, 8.78100648510175e-06, 8.524567131553125e-06, 8.900489320532265e-06, 1.0000944799257668e-05, 1.2089233996440655e-05, 1.541756979466268e-05, 2.0148829800717435e-05, 2.6420269623716645e-05, 3.414230490230869e-05, 4.341564648649801e-05, 5.454195286678746e-05, 6.76202033172802e-05, 8.230284848440783e-05, 9.912742326456003e-05, 0.00011744827714484729, 0.00013665499613165473, 0.0001570652119419687, 0.00017802892710122684, 0.0002001924231712162, 0.00022347309160703112, 0.000247815620162156, 0.0002737216771795826, 0.00030133493665365215, 0.00033088290459718357, 0.0003628827688043429, 0.00039876285834655344, 0.0004404399702285448, 0.0004893828992206556, 0.0005490115715031335, 0.0006248623440154831, 0.0007269580328702048, 0.0008875780725348358, 0.08563352402143173, 0.41230725937520857, 0.7366934667368505, 1.0589890339171821, 1.3793519789966875, 1.6979102411698914, 2.014768271512731, 2.330012049169553, 2.6437129375232358, 2.955930669366111, 3.266715670194276, 3.5761108747210506, 3.8841531533973828, 4.190874437667299, 4.4963026117184555, 4.800462222642285, 5.103375048873727, 5.405060557599172, 5.705536274811562, 6.004818086334367, 6.302920484036493, 6.599856768318024, 6.895639215533061, 7.190279217157066, 7.483787396069977, 7.776173704212747, 8.06744750500811, 8.35761764325891, 8.646692504705168, 8.934680067001665, 9.221587943545366, 9.507423421317661, 9.792193493694818, 10.075904889010411, 10.358564095516682, 10.640177383280847, 10.920750823462447, 11.20029030534419, 11.478801551428601, 11.756290130863224, 12.032761471416244, 12.308220870190635, 12.582673503236688, 12.856124434199454, 13.12857862211791, 13.400040928476265, 13.670516123593938, 13.940008892429159, 14.208523839860838, 14.476065495505566, 14.742638318118725, 15.008246699623108, 15.272894968802861, 15.536587394696138, 15.79932818971592, 16.061121512525155, 16.321971470689302, 16.58188212312693, 16.840857482376713, 17.098901516697282, 17.356018152014624, 17.612211273730324, 17.867484728402353, 18.121842325309377, 18.375287837908033, 18.62782500519207, 18.8794575329612, 19.13018909500698, 19.38002333422206, 19.628963863639044, 19.87701426740408, 20.124178101690433, 20.370458895556247, 20.615860151751043, 20.86038534747431, 21.10403793509001, 21.346821342800023, 21.5887389752795, 21.82979421427678, 22.06999041918052, 22.309330927556033, 22.54781905565324, 22.78545809888797, 23.022251332298485, 23.258202010979012, 23.493313370491418, 23.72758862725695, 23.96103097892904, 24.193643604748416, 24.425429665881772, 24.656392305744845, 24.886534650311116, 25.115859808406846, 25.344370871993284, 25.572070916437024, 25.79896300076889, 26.025050167932392, 26.25033544502213, 26.474821843512828, 26.698512359479437, 26.92140997380905, 27.143517652404718, 27.364838346382093, 27.58537499225885, 27.805130512137502, 28.024107813882043, 28.24230979128852, 28.45973932425001, 28.676399278916335, 28.89229250784858, 29.107421850168933, 29.321790131705853, 29.53540016513501, 29.748254750116004, 29.960356673425224, 30.171708709084946, 30.382313618488833, 30.59217415052416, 30.801293041690613, 31.009673016216205, 31.217316786170034, 31.42422705157241, 31.6304065005021, 31.835857809201137, 32.04058364217707, 32.24458665230286, 32.44786948091446, 32.65043475790637, 32.852285101824855, 33.0534231199593, 33.25385140843168, 33.453572552284015, 33.65258912556416, 33.850903691409776, 34.048518802130715, 34.24543699928983, 34.44166081378206, 34.637192765912324, 34.83203536547167, 35.02619111181223, 35.21966249392079, 35.41245199049101, 35.604562069994486, 35.79599519075054, 35.986753800994755, 36.176840338946576, 36.366257232875626, 36.555006901167026, 36.74309175238567, 36.93051418533948, 37.11727658914177, 37.30338134327249, 37.48883081763876, 37.673627372634336, 37.857773359198305, 38.04127111887287, 38.22412298386045, 38.40633127707976, 38.587898312221284, 38.768826393802, 38.94911781721924, 39.128774868803916, 39.30779982587311, 39.486194956781745, 39.663962520973904, 39.841104769033294], "f0_canonical": 1.856777545095882e+20}