{"fourier_spectrum": [10.0, 6.027186257158531, 0.38185585089858914, 1.6199001612020536, 0.5051383315092263, 0.7316580988921453, 0.4912534043989225, 0.4384224083477803, 0.41342335888830967, 0.3171252312889033, 0.33686321165756844, 0.26258956785393167, 0.2706564690419278, 0.2366295315465644, 0.21807844464064471, 0.21554342069603633, 0.18436971731440446, 0.19155134971753385, 0.16634709421152263, 0.16655736367071655, 0.15582265728736702, 0.1449620985681091, 0.14578986613992118, 0.13017763378660394, 0.13352824145658868, 0.12175260705151003, 0.12020354980941259, 0.11619295366536427, 0.10857854511302992, 0.11014237350119202, 0.10064996064159748, 0.10243181714136587, 0.09599410050814011, 0.09413301433738727, 0.09246131869127924, 0.08706273812091185, 0.08826009487073186, 0.08224194649687927, 0.08297710823984858, 0.07924678005404762, 0.07739129985763023, 0.07673993072472846, 0.07270425696291676, 0.07361499109898738, 0.06955803857771016, 0.06968891643488534, 0.06754194324726481, 0.06564887096742182, 0.0656419904899712, 0.06240422831080599], "dejavu_points": [1417, 1418, 1419, 1420, 1421, 1422, 1423, 1424, 1425, 1426, 1427, 1428, 1429, 1430, 1431, 1432, 1433, 1434, 1435, 1436, 1437, 1438, 1439, 1440, 1441, 1442, 1443, 1446, 1447, 1448, 1449, 1450, 1451, 1452, 1453, 1454, 1455, 1456, 1457, 1458, 1459, 1460, 1461, 1462, 1463, 1464, 1465, 1466, 1574, 1999], "norm_dejavu": [0.0, 0.001718213058419244, 0.003436426116838488, 0.005154639175257732, 0.006872852233676976, 0.00859106529209622, 0.010309278350515464, 0.012027491408934709, 0.013745704467353952, 0.015463917525773196, 0.01718213058419244, 0.018900343642611683, 0.020618556701030927, 0.022336769759450172, 0.024054982817869417, 0.02577319587628866, 0.027491408934707903, 0.029209621993127148, 0.030927835051546393, 0.03264604810996564, 0.03436426116838488, 0.03608247422680412, 0.037800687285223365, 0.03951890034364261, 0.041237113402061855, 0.0429553264604811, 0.044673539518900345, 0.04982817869415808, 0.05154639175257732, 0.05326460481099656, 0.054982817869415807, 0.05670103092783505, 0.058419243986254296, 0.06013745704467354, 0.061855670103092786, 0.06357388316151202, 0.06529209621993128, 0.06701030927835051, 0.06872852233676977, 0.070446735395189, 0.07216494845360824, 0.07388316151202749, 0.07560137457044673, 0.07731958762886598, 0.07903780068728522, 0.08075601374570447, 0.08247422680412371, 0.08419243986254296, 0.2697594501718213, 1.0], "norm_riemann": [0.0, 0.05423583397758574, 0.0856467496703928, 0.1282807487541665, 0.1480478178005017, 0.18467415987814623, 0.21091706301231358, 0.22988223125323973, 0.2667208921453575, 0.28064880005654064, 0.3058203286878257, 0.33319235968832556, 0.35603538200672463, 0.36772728820830114, 0.3835336372590304, 0.4014329275675254, 0.41692254658943906, 0.4329555228622485, 0.45620176350926883, 0.48484220295141417, 0.49618183253532666, 0.5134511434224932, 0.5415875993275757, 0.5559590048766313, 0.577142062918801, 0.5880407069077834, 0.617035509774426, 0.6340449541502946, 0.6437466372387529, 0.666961378914707, 0.6865379894324889, 0.7055003700144757, 0.7190528023158044, 0.7326131093598997, 0.7630174911817647, 0.7696716488195465, 0.7889332696266643, 0.8039425293398151, 0.8241333697933925, 0.8444502061312354, 0.8568608007314061, 0.8671767137556597, 0.8928483751747948, 0.909086094759536, 0.920969081594344, 0.9399472116618642, 0.9498615128050208, 0.9763206485008165, 0.9890777317827177, 1.0], "pearson_r": 0.43213990301103844, "euclidean_dist": 3.959383708173091, "zeta_zeros_ref": [14.134725, 21.02204, 25.010858, 30.424876, 32.935062, 37.586178, 40.918719, 43.327073, 48.005151, 49.773832, 52.970321, 56.446248, 59.347044, 60.831779, 62.839, 65.112, 67.079, 69.115, 72.067, 75.704, 77.144, 79.337, 82.91, 84.735, 87.425, 88.809, 92.491, 94.651, 95.883, 98.831, 101.317, 103.725, 105.446, 107.168, 111.029, 111.874, 114.32, 116.226, 118.79, 121.37, 122.946, 124.256, 127.516, 129.578, 131.087, 133.497, 134.756, 138.116, 139.736, 141.123]}