{"fourier_spectrum": [10.0, 0.017019376721275563, 0.008583123939992738, 0.00580499711444008, 0.004442952635734757, 0.003649173973185494, 0.0031416420344629477, 0.0028001097215416665, 0.0025651400061043124, 0.0024045087448502345, 0.0022998416214590864, 0.002240645452875835, 0.0022214764210111287], "dejavu_points": [0, 1, 2, 3, 4, 5, 6, 7, 8, 9, 10, 11, 12, 13, 14, 15, 16, 17, 18, 19, 20, 21, 22, 23], "norm_dejavu": [0.0, 0.043478260869565216, 0.08695652173913043, 0.13043478260869565, 0.17391304347826086, 0.21739130434782608, 0.2608695652173913, 0.30434782608695654, 0.34782608695652173, 0.391304347826087, 0.43478260869565216, 0.4782608695652174, 0.5217391304347826, 0.5652173913043478, 0.6086956521739131, 0.6521739130434783, 0.6956521739130435, 0.7391304347826086, 0.782608695652174, 0.8260869565217391, 0.8695652173913043, 0.9130434782608695, 0.9565217391304348, 1.0], "norm_riemann": [0.0, 0.09755365683773896, 0.1540522752921288, 0.23073778395339115, 0.266292687953411, 0.3321722613686703, 0.37937520781611694, 0.41348773783104953, 0.4797492077757487, 0.5048012490036334, 0.5500771208044161, 0.5993110225137225, 0.640398624509607, 0.6614287833864669, 0.6898595649946122, 0.722054907009923, 0.7499159882875809, 0.7787544028688272, 0.8205672711614791, 0.8720826512361318, 0.8924791723544987, 0.923541374307678, 0.9741502423326255, 1.0], "pearson_r": 0.9916628903259912, "euclidean_dist": 0.40890880915467925, "zeta_zeros_ref": [14.134725, 21.02204, 25.010858, 30.424876, 32.935062, 37.586178, 40.918719, 43.327073, 48.005151, 49.773832, 52.970321, 56.446248, 59.347044, 60.831779, 62.839, 65.112, 67.079, 69.115, 72.067, 75.704, 77.144, 79.337, 82.91, 84.735]}