{"fourier_spectrum": [10.0, 4.246329343883471, 1.9576659156926135, 1.1735533632210757, 0.8244223154140473, 0.6664013802171918, 0.5821015686109758, 0.514181854509242, 0.4471928753436263, 0.38618086860045175, 0.34005321937459315, 0.3107102074190949, 0.29120160481755214, 0.272925715418211, 0.25232913540929947, 0.23145425813061626, 0.21431203158126655, 0.2025785720510266, 0.19416955942908018, 0.18572961644044417, 0.17574221019201325, 0.1652876005646904, 0.1564898696834212, 0.15029417307757942, 0.14564490398434904, 0.1407523344134003, 0.13482308429516843, 0.1285588614044959, 0.12325841255793292, 0.11947429690515932, 0.116529299422644, 0.11331145228888873, 0.10936382314438181, 0.10519760452920221, 0.1016825159343949, 0.09915363016097856, 0.09711972089995392, 0.09482593391356925, 0.0919967525800853, 0.08903068338653947, 0.08654599958711764, 0.08474885853893616, 0.08325695810431377, 0.08152806335188832, 0.07939406963406616, 0.07717917304598965, 0.07534121533347088, 0.07400546758842383, 0.0728611677844419, 0.0715036799020045], "dejavu_points": [1950, 1951, 1952, 1953, 1954, 1955, 1956, 1957, 1958, 1959, 1960, 1961, 1962, 1963, 1964, 1965, 1966, 1967, 1968, 1969, 1970, 1971, 1972, 1973, 1974, 1975, 1976, 1977, 1978, 1979, 1980, 1981, 1982, 1983, 1984, 1985, 1986, 1987, 1988, 1989, 1990, 1991, 1992, 1993, 1994, 1995, 1996, 1997, 1998, 1999], "norm_dejavu": [0.0, 0.02040816326530612, 0.04081632653061224, 0.061224489795918366, 0.08163265306122448, 0.10204081632653061, 0.12244897959183673, 0.14285714285714285, 0.16326530612244897, 0.1836734693877551, 0.20408163265306123, 0.22448979591836735, 0.24489795918367346, 0.2653061224489796, 0.2857142857142857, 0.30612244897959184, 0.32653061224489793, 0.3469387755102041, 0.3673469387755102, 0.3877551020408163, 0.40816326530612246, 0.42857142857142855, 0.4489795918367347, 0.46938775510204084, 0.4897959183673469, 0.5102040816326531, 0.5306122448979592, 0.5510204081632653, 0.5714285714285714, 0.5918367346938775, 0.6122448979591837, 0.6326530612244898, 0.6530612244897959, 0.673469387755102, 0.6938775510204082, 0.7142857142857143, 0.7346938775510204, 0.7551020408163265, 0.7755102040816326, 0.7959183673469388, 0.8163265306122449, 0.8367346938775511, 0.8571428571428571, 0.8775510204081632, 0.8979591836734694, 0.9183673469387755, 0.9387755102040817, 0.9591836734693877, 0.9795918367346939, 1.0], "norm_riemann": [0.0, 0.05423583397758574, 0.0856467496703928, 0.1282807487541665, 0.1480478178005017, 0.18467415987814623, 0.21091706301231358, 0.22988223125323973, 0.2667208921453575, 0.28064880005654064, 0.3058203286878257, 0.33319235968832556, 0.35603538200672463, 0.36772728820830114, 0.3835336372590304, 0.4014329275675254, 0.41692254658943906, 0.4329555228622485, 0.45620176350926883, 0.48484220295141417, 0.49618183253532666, 0.5134511434224932, 0.5415875993275757, 0.5559590048766313, 0.577142062918801, 0.5880407069077834, 0.617035509774426, 0.6340449541502946, 0.6437466372387529, 0.666961378914707, 0.6865379894324889, 0.7055003700144757, 0.7190528023158044, 0.7326131093598997, 0.7630174911817647, 0.7696716488195465, 0.7889332696266643, 0.8039425293398151, 0.8241333697933925, 0.8444502061312354, 0.8568608007314061, 0.8671767137556597, 0.8928483751747948, 0.909086094759536, 0.920969081594344, 0.9399472116618642, 0.9498615128050208, 0.9763206485008165, 0.9890777317827177, 1.0], "pearson_r": 0.9961299168203144, "euclidean_dist": 0.5136243556801225, "zeta_zeros_ref": [14.134725, 21.02204, 25.010858, 30.424876, 32.935062, 37.586178, 40.918719, 43.327073, 48.005151, 49.773832, 52.970321, 56.446248, 59.347044, 60.831779, 62.839, 65.112, 67.079, 69.115, 72.067, 75.704, 77.144, 79.337, 82.91, 84.735, 87.425, 88.809, 92.491, 94.651, 95.883, 98.831, 101.317, 103.725, 105.446, 107.168, 111.029, 111.874, 114.32, 116.226, 118.79, 121.37, 122.946, 124.256, 127.516, 129.578, 131.087, 133.497, 134.756, 138.116, 139.736, 141.123]}