{"frame_harmonics": [0.5, 0.5, 0.5, 0.5, 0.5, 0.5, 0.5, 0.5, 0.5, 0.5, 0.5, 0.5, 0.5, 0.5, 0.5, 0.5, 0.5, 0.5, 0.5, 0.5, 0.5, 0.5, 0.5, 0.5, 0.5, 0.5, 0.5, 0.5, 0.5, 0.5, 0.5, 0.5, 0.5, 0.5, 0.5, 0.5, 0.5, 0.5, 0.5, 0.5, 0.5, 0.5, 0.5, 0.5, 0.5, 0.5, 0.5, 0.5, 0.5, 0.5, 0.5, 0.5, 0.5, 0.5, 0.5, 0.5, 0.5, 0.5, 0.5, 0.5, 0.5, 0.5, 0.5, 0.5, 0.5, 0.5, 0.5, 0.5, 0.5, 0.5, 0.5, 0.5, 0.5, 0.5, 0.5, 0.5, 0.5, 0.5, 0.5, 0.5, 0.5, 0.5, 0.5, 0.5, 0.5, 0.5, 0.5, 0.5, 0.5, 0.5, 0.5, 0.5, 0.5, 0.5, 0.5, 0.5, 0.5, 0.5, 0.5, 0.5, 0.5, 0.5, 0.5, 0.5, 0.5, 0.5, 0.5, 0.5, 0.5, 0.5, 0.5, 0.5, 0.5, 0.5, 0.5, 0.5, 0.5, 0.5, 0.5, 0.5, 0.5, 0.5, 0.5, 0.5, 0.5, 0.5, 0.5, 0.5, 0.5, 0.5, 0.5, 0.5, 0.5, 0.5, 0.5, 0.5, 0.5, 0.5, 0.5, 0.5, 0.5, 0.5, 0.5, 0.5, 0.5, 0.5, 0.5, 0.5, 0.5, 0.5, 0.5, 0.5, 0.5, 0.5, 0.5, 0.5, 0.5, 0.5, 0.5, 0.5, 0.5, 0.5, 0.5, 0.5, 0.5, 0.5, 0.5, 0.5, 0.5, 0.5, 0.5, 0.5, 0.5, 0.5, 0.5, 0.5, 0.5, 0.5, 0.5, 0.5, 0.5, 0.5, 0.5, 0.5, 0.5, 0.5, 0.5, 0.5, 0.5, 0.5, 0.5, 0.5, 0.5, 0.5, 0.5, 0.5, 0.5, 0.5, 0.5, 0.5, 0.5, 0.5, 0.5, 0.5, 0.5, 0.5, 0.5, 0.5, 0.5, 0.5, 0.5, 0.5, 0.5, 0.5, 0.5, 0.5, 0.5, 0.5, 0.5, 0.5, 0.5, 0.5, 0.5, 0.5, 0.5, 0.5, 0.5, 0.5, 0.5, 0.5, 0.5, 0.5, 0.5, 0.5, 0.5, 0.5, 0.5, 0.5, 0.5, 0.5, 0.5, 0.5, 0.5, 0.5, 0.5, 0.5, 0.5, 0.5, 0.5, 0.5, 0.5, 0.5, 0.5, 0.5, 0.5, 0.5, 0.5, 0.5, 0.5, 0.5, 0.5, 0.5, 0.5, 0.5, 0.5, 0.5, 0.5, 0.5, 0.5, 0.5, 0.5, 0.5, 0.5, 0.5, 0.5, 0.5, 0.5, 0.5, 0.5, 0.5, 0.5, 0.5, 0.5, 0.5, 0.5, 0.5, 0.5, 0.5, 0.5, 0.5, 0.5, 0.5, 0.5, 0.5, 0.5, 0.5, 0.5, 0.5, 0.5, 0.5, 0.5, 0.5, 0.5, 0.5, 0.5, 0.5, 0.5, 0.5, 0.5, 0.5, 0.5, 0.5, 0.5, 0.5, 0.5, 0.5, 0.5, 0.5, 0.5, 0.5, 0.5, 0.5, 0.5, 0.5, 0.5, 0.5, 0.5, 0.5, 0.5, 0.5, 0.5, 0.5, 0.5, 0.5, 0.5, 0.5, 0.5, 0.5, 0.5, 0.5, 0.5, 0.5, 0.5, 0.5, 0.5, 0.5, 0.5, 0.5, 0.5, 0.5, 0.5, 0.5, 0.5, 0.5, 0.5, 0.5, 0.5, 0.5, 0.5, 0.5, 0.5, 0.5, 0.5, 0.5, 0.5, 0.5, 0.5, 0.5, 0.5, 0.5, 0.5, 0.5, 0.5, 0.5, 0.5, 0.5, 0.5, 0.5, 0.5, 0.5, 0.5, 0.5, 0.5, 0.5, 0.5, 0.5, 0.5, 0.5, 0.5, 0.5, 0.5, 0.0, 0.21590495450914915, 0.0, 0.023390564130854385, 0.05108224598998512, 0.1855817709312345, 0.2306283616447351, 0.22554650082059147, 0.20526563384429175], "frame_correlation": [0.0, 0.0, 0.0, 0.0, 0.0, 0.0, 0.0, 0.0, 0.0, 0.0, 0.0, 0.0, 0.0, 0.0, 0.0, 0.0, 0.0, 0.0, 0.0, 0.0, 0.0, 0.0, 0.0, 0.0, 0.0, 0.0, 0.0, 0.0, 0.0, 0.0, 0.0, 0.0, 0.0, 0.0, 0.0, 0.0, 0.0, 0.0, 0.0, 0.0, 0.0, 0.0, 0.0, 0.0, 0.0, 0.0, 0.0, 0.0, 0.0, 0.0, 0.0, 0.0, 0.0, 0.0, 0.0, 0.0, 0.0, 0.0, 0.0, 0.0, 0.0, 0.0, 0.0, 0.0, 0.0, 0.0, 0.0, 0.0, 0.0, 0.0, 0.0, 0.0, 0.0, 0.0, 0.0, 0.0, 0.0, 0.0, 0.0, 0.0, 0.0, 0.0, 0.0, 0.0, 0.0, 0.0, 0.0, 0.0, 0.0, 0.0, 0.0, 0.0, 0.0, 0.0, 0.0, 0.0, 0.0, 0.0, 0.0, 0.0, 0.0, 0.0, 0.0, 0.0, 0.0, 0.0, 0.0, 0.0, 0.0, 0.0, 0.0, 0.0, 0.0, 0.0, 0.0, 0.0, 0.0, 0.0, 0.0, 0.0, 0.0, 0.0, 0.0, 0.0, 0.0, 0.0, 0.0, 0.0, 0.01737258870907321, 0.045982857732860816, 0.0745396842635323, 0.10304324135130616, 0.13149369873896366, 0.15989122302260628, 0.18823597780208234, 0.216528123821903, 0.24476781910333645, 0.2729552190683776, 0.3010904766561694, 0.32917374243244557, 0.3572051646924894, 0.3851848895580776, 0.41311306106883805, 0.4409898212684016, 0.4688153102857203, 0.49658966641186875, 0.524313026172645, 0.5519855243972408, 0.5796072942832489, 0.6071784674582397, 0.634699174038127, 0.6621695426825334, 0.6895897006473376, 0.71695977383458, 0.744279886839891, 0.7715501629975876, 0.7987707244235821, 0.8259416920562334, 0.8530631856952532, 0.8801353240387886, 0.9071582247187877, 0.9341320043347316, 0.9610567784858318, 0.9879326618017877, 0.9852402320278323, 0.9584617902255037, 0.9317319008988868, 0.9050504530151265, 0.8784173363762549, 0.8518324415956308, 0.8252956600753784, 0.7988068839847564, 0.7723660062394277, 0.7459729204815642, 0.7196275210607723, 0.6933297030157732, 0.6670793620568158, 0.6408763945487845, 0.6147206974949689, 0.5886121685214569, 0.5625507058621395, 0.5365362083442754, 0.5105685753746136, 0.4846477069260289, 0.4587735035246574, 0.43294586623751097, 0.40716469666054356, 0.3814298969071487, 0.35574136959707514, 0.3300990178457418, 0.3180342547460647, 0.3435845441021449, 0.36908894568047046, 0.3945475544824518, 0.41996046506187523, 0.4453277715335424, 0.4706495675816065, 0.49592594646764, 0.5211570010384137, 0.5463428237334383, 0.5714835065922401, 0.5965791412614067, 0.6216298190013958, 0.6466356306931373, 0.6715966668444118, 0.6965130175960269, 0.7213847727278087, 0.7462120216643846, 0.7709948534808155, 0.7957333569080276, 0.8204276203380865, 0.8450777318293113, 0.8696837791112493, 0.8942458495894613, 0.9187640303502086, 0.9432384081649744, 0.9676690694948619, 0.9920561004948617, 0.9836004129819983, 0.9593003853806366, 0.9350437314399954, 0.9108303661892471, 0.8866602049440999, 0.8625331633032005, 0.838449157144644, 0.8144081026225777, 0.790409916163896, 0.7664545144650254, 0.7425418144887935, 0.7186717334613804, 0.6948441888693523, 0.6710590984567787, 0.6473163802224065, 0.6236159524169302, 0.6022786664596971, 0.6258947576608562, 0.6494688021958026, 0.67300088083215, 0.6964910740982837, 0.7199394622857135, 0.7433461254513901, 0.7667111434199256, 0.7900345957858079, 0.8133165619155293, 0.8365571209496835, 0.8597563518050038, 0.8829143331763547, 0.9060311435386943, 0.9291068611489692, 0.9521415640479844, 0.9751353300622234, 0.9980882368056356, 0.9789996383186306, 0.9561282181165076, 0.9332974256013429, 0.9105071839922687, 0.887757416712595, 0.8650480473882467, 0.8423789998462219, 0.8197501981130927, 0.7971615664135214, 0.7746130291688317, 0.7521045109955736, 0.7296359367041454, 0.7072072312974342, 0.6848183199694674, 0.6624691281041123, 0.6401595812737846, 0.6178896052381895, 0.5956591259430859, 0.5734680695190562, 0.5513163622803241, 0.5292039307235811, 0.5071307015268225, 0.48509660154823, 0.46310155782505047, 0.47605090242750026, 0.4979680518173055, 0.5198463627764085, 0.5416859075620544, 0.5634867582577037, 0.5852489867740495, 0.6069726648500016, 0.6286578640536582, 0.6503046557832668, 0.6719131112681659, 0.6934833015697158, 0.7150152975822117, 0.7365091700337864, 0.757964989487288, 0.7793828263411704, 0.8007627508303379, 0.8221048330270015, 0.8434091428415172, 0.8646757500232006, 0.8859047241611527, 0.9070961346850446, 0.9282500508659262, 0.949366541816989, 0.9704456764943394, 0.9914875236977665, 0.987507847928525, 0.9665403698951686, 0.9456099738669067, 0.9247165916618776, 0.903860155250895, 0.8830405967567593, 0.8622578484535609, 0.8415118427659933, 0.820802512268682, 0.8001297896855185, 0.7794936078890004, 0.75889389989958, 0.7596322011149766, 0.780159161840227, 0.8006498488156794, 0.8211043284354134, 0.8415226669486913, 0.861904930460571, 0.8822511849324925, 0.9025614961828922, 0.9228359298877692, 0.9430745515812731, 0.9632774266562848, 0.9834446203649705, 0.9964238021806509, 0.9763277760081408, 0.9562672362841127, 0.9362421183136647, 0.9162523575398651, 0.8962978895431973, 0.8763786500410461, 0.856494574887168, 0.8366456000711835, 0.8168316617180451, 0.7970526960875588, 0.7773086395738573, 0.7575994287049085, 0.7379250001420345, 0.718285290679411, 0.698680237243589, 0.6791097768930058, 0.6595738468175355, 0.6400723843379879, 0.6206053269056667, 0.601172612101891, 0.5817741776375541, 0.5624099613526496, 0.5430799012158432, 0.5237839353240077, 0.504522001901799, 0.4852940393012005, 0.46609998600110314, 0.44693978060686557, 0.4278133618498927, 0.40872066858721323, 0.3896616398010494, 0.370636214598413, 0.35164433221068525, 0.33268593199320695, 0.3137609534248753, 0.2948693361077389, 0.27601101976659526, 0.25718594424859875, 0.2383940495228657, 0.219635275680082, 0.20090956293210382, 0.1822168516115994, 0.163557082171647, 0.14493019518535843, 0.12633613134550215, 0.10777483146413969, 0.08924623647224905, 0.07075028741934375, 0.052286925473133294, 0.03385609191913941, 0.015457728160339412, 0.0, 0.0, 0.0, 0.0, 0.0, 0.0, 0.0, 0.0, 0.0, 0.0, 0.0, 0.0, 0.0, 0.0, 0.0, 0.0, 0.0, 0.0, 0.0, 0.0, 0.0, 0.0, 0.0]}