{"zeta_zeros": [14.134725, 21.02204, 25.010858, 30.424876, 32.935062], "phi_evolution": [39.59332362830166]}