{"fourier_spectrum": [10.0, 6.889800142135445, 1.8122583483555146, 1.0909784942311995, 1.1577556955143593, 0.775759412789969, 0.5422783963695664, 0.5993593139643419, 0.5003482768971754, 0.3827954503727549, 0.3898640249634921, 0.36924974113074027, 0.3011846063936694, 0.2871851362189194, 0.2875522323096711, 0.25155118447346114, 0.22792107906039996, 0.23269221624720898, 0.21542631232648032, 0.19197065381529735, 0.19293215164007083, 0.1875863394457859, 0.16782542390973898, 0.16426736216413257, 0.1643952623372474, 0.1505629085932779, 0.14327181475327153, 0.14493922997979045, 0.13689608830616745, 0.1279446928786274, 0.1286615867707091, 0.125126997914647, 0.11665662965920509, 0.11519839565706937, 0.11459045106446895, 0.10792694461469916, 0.10434376240835602, 0.10505045882428793, 0.10057877501991258, 0.09595511712839036, 0.09626703982361524, 0.09418466855720456, 0.08929863447856815, 0.08861153738400726, 0.08814575446096842, 0.08403109042659963, 0.0820218738331702, 0.08249199860649553, 0.07947057153444559, 0.07670794340045758], "dejavu_points": [1552, 1553, 1554, 1555, 1556, 1557, 1558, 1559, 1560, 1561, 1563, 1582, 1583, 1584, 1585, 1586, 1587, 1588, 1589, 1590, 1591, 1592, 1593, 1594, 1595, 1596, 1597, 1598, 1599, 1600, 1601, 1602, 1603, 1604, 1605, 1606, 1607, 1608, 1609, 1610, 1611, 1612, 1613, 1614, 1615, 1616, 1617, 1618, 1620, 1999], "norm_dejavu": [0.0, 0.0022371364653243847, 0.0044742729306487695, 0.006711409395973154, 0.008948545861297539, 0.011185682326621925, 0.013422818791946308, 0.015659955257270694, 0.017897091722595078, 0.020134228187919462, 0.024608501118568233, 0.06711409395973154, 0.06935123042505593, 0.07158836689038031, 0.0738255033557047, 0.07606263982102908, 0.07829977628635347, 0.08053691275167785, 0.08277404921700224, 0.08501118568232663, 0.087248322147651, 0.0894854586129754, 0.09172259507829977, 0.09395973154362416, 0.09619686800894854, 0.09843400447427293, 0.10067114093959731, 0.1029082774049217, 0.10514541387024609, 0.10738255033557047, 0.10961968680089486, 0.11185682326621924, 0.11409395973154363, 0.116331096196868, 0.1185682326621924, 0.12080536912751678, 0.12304250559284116, 0.12527964205816555, 0.12751677852348994, 0.1297539149888143, 0.1319910514541387, 0.1342281879194631, 0.13646532438478748, 0.13870246085011187, 0.14093959731543623, 0.14317673378076062, 0.14541387024608501, 0.1476510067114094, 0.15212527964205816, 1.0], "norm_riemann": [0.0, 0.05423583397758574, 0.0856467496703928, 0.1282807487541665, 0.1480478178005017, 0.18467415987814623, 0.21091706301231358, 0.22988223125323973, 0.2667208921453575, 0.28064880005654064, 0.3058203286878257, 0.33319235968832556, 0.35603538200672463, 0.36772728820830114, 0.3835336372590304, 0.4014329275675254, 0.41692254658943906, 0.4329555228622485, 0.45620176350926883, 0.48484220295141417, 0.49618183253532666, 0.5134511434224932, 0.5415875993275757, 0.5559590048766313, 0.577142062918801, 0.5880407069077834, 0.617035509774426, 0.6340449541502946, 0.6437466372387529, 0.666961378914707, 0.6865379894324889, 0.7055003700144757, 0.7190528023158044, 0.7326131093598997, 0.7630174911817647, 0.7696716488195465, 0.7889332696266643, 0.8039425293398151, 0.8241333697933925, 0.8444502061312354, 0.8568608007314061, 0.8671767137556597, 0.8928483751747948, 0.909086094759536, 0.920969081594344, 0.9399472116618642, 0.9498615128050208, 0.9763206485008165, 0.9890777317827177, 1.0], "pearson_r": 0.5299235917777152, "euclidean_dist": 3.661555581108056, "zeta_zeros_ref": [14.134725, 21.02204, 25.010858, 30.424876, 32.935062, 37.586178, 40.918719, 43.327073, 48.005151, 49.773832, 52.970321, 56.446248, 59.347044, 60.831779, 62.839, 65.112, 67.079, 69.115, 72.067, 75.704, 77.144, 79.337, 82.91, 84.735, 87.425, 88.809, 92.491, 94.651, 95.883, 98.831, 101.317, 103.725, 105.446, 107.168, 111.029, 111.874, 114.32, 116.226, 118.79, 121.37, 122.946, 124.256, 127.516, 129.578, 131.087, 133.497, 134.756, 138.116, 139.736, 141.123]}