{"zeta_zeros": [14.134725, 21.02204, 25.010858, 30.424876, 32.935062], "phi_evolution": [2.6347321728788002e-08, 1.1703235761177599e-07, 1.6808646226007998e-07, 1.9506882010496802e-07, 2.0940348180475603e-07, 2.1903583361029998e-07, 2.27311343731848e-07, 2.31453094546192e-07, 2.3295605339004403e-07, 2.3474909646662797e-07, 2.36417130157416e-07, 2.38889706285024e-07, 2.41351938830268e-07, 2.4234713701464805e-07, 2.4410034384548795e-07, 2.47126341586544e-07, 2.50114433664596e-07, 2.54275896319496e-07, 2.58721579648028e-07, 2.65396541708696e-07, 2.73080134152964e-07, 2.8170409741504003e-07, 2.9067044759768e-07, 2.9956051222394394e-07, 3.08445291153664e-07, 3.20212748219256e-07, 3.33103776832912e-07, 3.4399611892492796e-07, 3.5676662844552396e-07, 3.73040761665116e-07, 3.8991364881824804e-07, 4.08205143799956e-07, 4.2934384593818405e-07, 4.50624306726348e-07, 4.690995268070481e-07, 4.890488422683e-07, 5.1043386419504e-07, 5.33491458245656e-07, 5.56795461246976e-07, 5.79337536735296e-07, 6.01680546196512e-07, 6.20877106220016e-07, 6.395039863190439e-07, 6.6284373091508e-07, 6.87101652067096e-07, 7.108539522857159e-07, 7.347085379461001e-07, 7.63833632438148e-07, 7.991593162977602e-07, 8.3302627969412e-07, 8.646075550527001e-07, 8.994184520964801e-07, 9.357165314830759e-07, 9.700446411553281e-07, 1.004690656010964e-06, 1.041028115625788e-06, 1.075680756847364e-06, 1.107963045564152e-06, 1.14212896710834e-06, 1.1807303307531358e-06, 1.2233926397417562e-06, 1.266731324775944e-06, 1.307891982946352e-06, 1.349211529771832e-06, 1.388265923105464e-06, 1.424187567533536e-06, 1.45863815525804e-06, 1.4937003848931921e-06, 1.530794230537148e-06, 1.5674315420228761e-06, 1.6071119748779239e-06, 1.646151677044144e-06, 1.687435571522996e-06, 1.7310878412209122e-06, 1.7760656660261881e-06, 1.822935805808256e-06, 1.8706833066612519e-06, 1.921981355522488e-06, 1.975354677034132e-06, 2.0278396893170798e-06, 2.0810657536978036e-06, 2.1363143114014e-06, 2.194480319109884e-06, 2.2542649066607883e-06, 2.31464277457992e-06, 2.376969190316272e-06, 2.4417533795891763e-06, 2.509323722292024e-06, 2.58022537955168e-06, 2.6548782644678685e-06, 2.734380456305236e-06, 2.81616242120782e-06, 2.90098753640264e-06, 2.987708071182608e-06, 3.0781260797366803e-06, 3.173639135396368e-06, 3.274751367477292e-06, 3.3832146380602766e-06, 3.5009732195552402e-06, 3.631386675048876e-06, 3.7716290173600556e-06, 3.923165896017376e-06, 4.090721202899052e-06, 4.278697417389572e-06, 4.48502553820416e-06, 4.715952758873472e-06, 4.977186110526375e-06, 5.270056714549271e-06, 5.608299345633775e-06, 6.018265760255048e-06, 6.542750042965152e-06, 7.260740670376988e-06, 8.360679547880569e-06, 1.0243578390799478e-05, 1.3772613132642559e-05, 2.1049909512201827e-05, 3.652218152670013e-05, 6.995172577412973e-05, 0.00014072672015595636, 0.00028867163546160163, 0.0005979715060748477, 0.0011800989223905458, 0.0021727775843765904, 0.003692510101900838, 0.005898076726790255, 0.008945325142344317, 0.01298236112958489, 0.018150811784399798, 0.02449475741755343, 0.03218206856367826, 0.041349412723093476, 0.052060020356245476, 0.0643632088558271, 0.07819663124913259, 0.09374328863037364, 0.11129715547505628, 0.13060985097618832, 0.15116331814244954, 0.17280269219713673, 0.19617647644472866, 0.22042080060212324, 0.24623955241672296, 0.2732004871774219, 0.3019958142312092, 0.3316947484850722, 0.3632480329248403, 0.39644688403147826, 0.4312785578831895, 0.46749922171060343, 0.5057290171640114, 0.5460436460927586, 0.5871839078680823, 0.6297681125181716, 0.6747417805139282, 0.7216911534535055, 0.770546921739554, 0.8220562862286463, 0.8764398862726517, 0.9340364079845522, 0.9941406344877318, 1.0575979000727334, 1.1241181951800052, 1.1939944338656048, 1.2679085602794318, 1.3465817906730795, 1.428969989734166, 1.5157585659671635, 1.6066959568452832, 1.701384930717701, 1.799561886183401, 1.9026048363749417, 2.0103354184291167, 2.1234829231503487, 2.24179238030494, 2.364694461339948, 2.492341131859187, 2.6247323655548653, 2.7619848254441526, 2.9039090195222745, 3.050739143585754, 3.2026201469059004, 3.3585147253225593, 3.51925635471072, 3.683482034828341, 3.8520421966811584, 4.0257760420120645, 4.204320682584974, 4.387230777204093, 4.57604365359978, 4.769338689231858, 4.966787260234104, 5.1697370439012404, 5.3771208997250035, 5.589025304976484, 5.806170967048818, 6.026753762629689, 6.251391726950562, 6.480859371922784, 6.714475187633853, 6.953856001943153, 7.19915130347268, 7.449123120271459, 7.703312508699252, 7.959496706214317, 8.21932625247433, 8.483148275859678, 8.749563468329796, 9.020621696316931, 9.296419966024981, 9.574950249935716, 9.85661410153024, 10.142507453797261, 10.431254085808296, 10.72478068067895, 11.021645612856128, 11.32074357215827, 11.624532111836283, 11.935302447548981, 12.250647262030938, 12.570676728583116, 12.894132768175368, 13.220087857364858, 13.552422800454423, 13.889281072588396, 14.230388659185202, 14.577274694702593, 14.928352713987667, 15.282992820032714, 15.642306968991878, 16.006356868820564, 16.37532582853063, 16.750953133317594, 17.134717333623456, 17.521847868155042, 17.911184732737738, 18.30770049969797, 18.70961226973029, 19.11628160700307, 19.527019571357837, 19.94281258829066, 20.36443563889671, 20.790707381927128, 21.224004113501735, 21.663672575339596, 22.109008885395745, 22.558485248594025, 23.012517403332172, 23.47204712856758, 23.934528107306093, 24.40266982217389, 24.875956100281776, 25.35522485716134, 25.84210862117372, 26.336485127133585, 26.837164788100644, 27.34145344299195, 27.849784111586775, 28.365613942812324, 28.8876501020178, 29.41145951705679, 29.94000028035167, 30.469050892665024, 30.994785806366373, 31.52170202834865, 32.047302505945396, 32.572893246320035, 33.100653416926356, 33.63158631507768, 34.16608512811963, 34.699667905186175, 35.23554320500977, 35.77354024598871, 36.31359456189921, 36.853843441435494, 37.38915184189159, 37.91533671974585, 38.435745149977535, 38.945693100654466, 39.45103836551266, 39.94921406813522, 40.0, 40.0, 40.0, 40.0, 40.0, 40.0, 40.0, 40.0, 40.0, 40.0, 40.0, 40.0, 40.0, 40.0, 40.0, 40.0, 40.0, 40.0, 40.0, 40.0, 40.0, 40.0, 40.0, 40.0, 40.0, 40.0, 40.0, 40.0, 40.0, 40.0, 40.0, 40.0, 40.0, 40.0, 40.0, 40.0, 40.0, 40.0, 40.0, 40.0, 40.0, 40.0, 40.0, 40.0, 40.0, 40.0, 40.0, 40.0, 40.0, 40.0, 40.0, 40.0, 40.0, 40.0, 40.0, 40.0, 40.0, 40.0, 40.0, 40.0, 40.0, 40.0, 40.0, 40.0, 40.0, 40.0, 40.0, 40.0, 40.0, 40.0, 40.0, 40.0, 40.0, 40.0, 40.0, 40.0, 40.0, 40.0, 40.0, 40.0, 40.0, 40.0, 40.0, 40.0, 40.0, 40.0, 40.0, 40.0, 40.0, 40.0, 40.0, 40.0, 40.0, 40.0, 40.0, 40.0, 40.0, 40.0, 40.0, 40.0, 40.0, 40.0, 40.0, 40.0, 40.0, 40.0, 40.0, 40.0, 40.0, 40.0, 40.0, 40.0, 40.0, 40.0, 40.0, 40.0, 40.0, 40.0, 40.0, 40.0]}