metric,value,ci_lo,ci_hi,unit
f0,3.95287562498132e+18,3.22598409942637e+18,4.5155717267428383e+18,Hz
SBR,45341.07480881945,18060.300951742996,83514.3150152129,
