{"zeta_zeros": [14.134725, 21.02204, 25.010858, 30.424876, 32.935062], "phi_evolution": [1.1280129602339559e-05, 5.003061046456766e-05, 7.039106204586667e-05, 8.050082143523117e-05, 8.502599096916761e-05, 8.665744559420567e-05, 8.653115587140854e-05, 8.496863770909873e-05, 8.273047134647391e-05, 8.037483421501521e-05, 7.788693199635905e-05, 7.538379198799501e-05, 7.294964412583436e-05, 7.043796827678823e-05, 6.805836556719127e-05, 6.581006316238927e-05, 6.364564948084129e-05, 6.170798783123567e-05, 5.996033591110449e-05, 5.8326399820487946e-05, 5.671975363469278e-05, 5.528665521045292e-05, 5.398643587537157e-05, 5.285311999670962e-05, 5.180992271548546e-05, 5.103248803570562e-05, 5.042306139832265e-05, 4.9756818649855116e-05, 4.915045714652799e-05, 4.8659723095939506e-05, 4.826158397905942e-05, 4.8023892104408965e-05, 4.790500663318847e-05, 4.780134556929727e-05, 4.756259692097528e-05, 4.738678531822577e-05, 4.7179584560713606e-05, 4.707016628192586e-05, 4.6968166545350836e-05, 4.684898401477728e-05, 4.675589201088962e-05, 4.655609614220275e-05, 4.6418033787377994e-05, 4.649184532215003e-05, 4.669491587831088e-05, 4.694756572063483e-05, 4.7222713963252034e-05, 4.7653595181938605e-05, 4.836335294032421e-05, 4.910845368139728e-05, 4.992085638484649e-05, 5.0970372107676684e-05, 5.202083213703989e-05, 5.29338251525135e-05, 5.3836999918104836e-05, 5.484993279140073e-05, 5.5727193502797834e-05, 5.638403695958372e-05, 5.70945164656e-05, 5.788392746487398e-05, 5.880804015573335e-05, 5.9755762293259866e-05, 6.074217883340618e-05, 6.162537803342037e-05, 6.233286243917701e-05, 6.288310429107014e-05, 6.344148998345709e-05, 6.398949314198988e-05, 6.459613964221964e-05, 6.520528997173175e-05, 6.595435036650439e-05, 6.66900891891896e-05, 6.749549429738594e-05, 6.84540965538629e-05, 6.941209890701334e-05, 7.039530922717248e-05, 7.131730140009899e-05, 7.216010518057791e-05, 7.305128392432486e-05, 7.384850517862551e-05, 7.464700010893933e-05, 7.541702861282125e-05, 7.632174072847726e-05, 7.726543785438479e-05, 7.819120536119807e-05, 7.914992109871955e-05, 8.019647471035053e-05, 8.128411561137967e-05, 8.237646179584112e-05, 8.349914057425954e-05, 8.466957862998693e-05, 8.58256283754707e-05, 8.692750971382488e-05, 8.79458163803274e-05, 8.89129657506118e-05, 8.986255701783165e-05, 9.079315136892436e-05, 9.179831995583988e-05, 9.29047597574442e-05, 9.430466155780655e-05, 9.575119659035674e-05, 9.715970388966172e-05, 9.869984396296355e-05, 0.00010038438990066261, 0.0001020418705641191, 0.00010366691150650979, 0.00010540570905599877, 0.00010704762273338137, 0.00010858403535776339, 0.00011021143054684387, 0.00011195503114298891, 0.00011370065114823131, 0.00011554700917467164, 0.00011739539855186025, 0.00011914706289844271, 0.00012094846084851904, 0.00012270683816227696, 0.00012435830689205835, 0.0001259800012872067, 0.00012752676264073635, 0.00012916473838891715, 0.0001308928582250278, 0.00013277038031175205, 0.00013459777773996623, 0.00013640342405275542, 0.00013823754117434775, 0.0001401903385482074, 0.00014214327998450873, 0.0001440827631914976, 0.00014609832944820263, 0.0001481385406683727, 0.00015022927965630616, 0.0001523909232179695, 0.00015453500834504611, 0.0001566716667559028, 0.00015892599196791864, 0.00016128111479278117, 0.00016372175337595244, 0.00016615394999661652, 0.00016866271969662796, 0.00017120076705888615, 0.00017382271243747625, 0.0001765355581816457, 0.00017932168260740116, 0.00018214470004241468, 0.00018497142281857537, 0.00018790721929141642, 0.0001908964944429854, 0.0001939440224126912, 0.00019702519642242377, 0.00020017103181142558, 0.00020338405301264183, 0.00020668141924434292, 0.0002100775828861115, 0.00021355124027114592, 0.00021708186187534571, 0.00022068301941864714, 0.0002243638900853667, 0.00022812422668935946, 0.00023195874735810898, 0.00023586776170925034, 0.0002398733614562826, 0.00024396703033403118, 0.0002481665985843928, 0.0002525111983649467, 0.00025695919947224457, 0.0002615252670768383, 0.000266216378637886, 0.00027103486188778496, 0.00027593292542882304, 0.0002809291387250099, 0.0002860904879767924, 0.000291408785106693, 0.0002968305382049188, 0.0003023576726026004, 0.00030799196639429404, 0.0003137415174715313, 0.00031966640844101714, 0.00032562228115928533, 0.0003317158827622417, 0.0003379447668032008, 0.00034430116604746526, 0.00035081630456734763, 0.0003573914210821354, 0.0003641473227695312, 0.00037105130600181667, 0.00037814372240992556, 0.0003853689044622076, 0.0003927029197623074, 0.0004001352808180522, 0.0004075995917477785, 0.00041521893073917916, 0.00042298554516949274, 0.0004307633655081717, 0.0004385974969027811, 0.0004466576528288891, 0.00045502250515740123, 0.00046350985879221873, 0.0004722128942911111, 0.00048110925486910723, 0.0004902748093399671, 0.0004996456284478286, 0.0005092799962841178, 0.0005189297092620701, 0.0005288066667483389, 0.0005388528050160819, 0.0005486820476414959, 0.0005586606134405569, 0.0005688424987576949, 0.0005792068825315181, 0.0005898019836732395, 0.0006008048897154247, 0.0006118266662454148, 0.0006231064301662503, 0.0006346371331689128, 0.0006461156435134289, 0.0006578593119434484, 0.0006701094090651561, 0.0006827107190093076, 0.0006957379383466007, 0.0007088516882814548, 0.0007220090239993791, 0.0007352829110581036, 0.0007487335532439235, 0.0007623990952560117, 0.0007765883488021564, 0.0007909370686165764, 0.0008055371093341583, 0.000820310174164122, 0.0008352825125555643, 0.000850575085673238, 0.0008661905506330009, 0.0008822341888611379, 0.0008981997029939414, 0.0009138658069936734, 0.00093020532881749, 0.000947097142908915, 0.0009639272243501477, 0.0009809457883138677, 0.0009981165507206237, 0.0010157206705747848, 0.0010334871757598544, 0.001051750140195574, 0.0010706367830077596, 0.0010901628969670555, 0.0011098296304689578, 0.001129489475822872, 0.0011493742586142668, 0.001169341869302633, 0.0011896189287686069, 0.001210288740503517, 0.00123153284903588, 0.0012533866811794618, 0.001275683207626031, 0.0012985133083281033, 0.0013213911935635015, 0.0013441667457968034, 0.0013676467616582724, 0.001391329754610864, 0.00141503761965156, 0.001439175318386707, 0.0014637429228957935, 0.0014884227656988738, 0.00151395025960004, 0.0015399666774292052, 0.0015668587118680374, 0.0015949660435630128, 0.0016241460348534, 0.0016549097979581808, 0.001686074832831794, 0.0017184458813073494, 0.0017523077113500217, 0.0017875430814305328, 0.0018234533146423639, 0.0018591542828647616, 0.0018954038703077897, 0.0019325937936587423, 0.001970068904790225, 0.002008621529330966, 0.002048221877892735, 0.002089352739127556, 0.0021319995410752565, 0.002176506341480565, 0.002222969038671142, 0.0022708698087367685, 0.0023207071897951735, 0.002373337524807577, 0.0024281085448164064, 0.0024840202614946887, 0.0025427453450609476, 0.002602781114889586, 0.002666207893278547, 0.0027337722481008695, 0.002804500838489569, 0.002879452975319637, 0.0029640870812802597, 0.003125905517651413, 0.004095232066633281, 0.013294433104918492, 0.12324925114877781, 0.5573169434290449, 0.983246812887194, 1.4071027833428242, 1.830958144924368, 2.2547391047592886, 2.67837913182349, 3.10181822451218, 3.5250022779812307, 3.9478825131372237, 4.370414961068497, 4.792559997566921, 5.214281922897209, 5.635548582431303, 6.056331024183762, 6.476603189663623, 6.896341634802536, 7.315525278030941, 7.734135172856699, 8.152154302556587, 8.569567394822611, 8.986360754414736, 9.402522112061124, 9.81804048801832, 10.232906068858671, 10.647110096192199, 11.060644766156502, 11.473503138622458, 11.885679055166424, 12.297167064952781, 12.707962357754507, 13.118060703415244, 13.527458397124729, 13.936152209941007, 14.344139344048443, 14.751417392290856, 15.157984301564136, 15.563838339693598, 15.968978065458025, 16.373402301455545, 16.77711010953643, 17.18010076855467, 17.58237375421468, 17.983928720811235, 18.384765484680567, 18.78488400919824, 19.184284391175662, 19.582966848521252, 19.980931709045677, 20.378179400301974, 20.774710440362256, 